url_path,views_total,views_unique
/carbon-design-system/carbon,2994,1541
/carbon-design-system/carbon/tree/main/packages/react,1427,668
/carbon-design-system/carbon/issues,829,243
/carbon-design-system/carbon/tree/main/packages,828,326
/carbon-design-system/carbon/tree/main/packages/react/src/components,635,259
/carbon-design-system/carbon/blob/main/docs/migration/v11.md,478,166
/carbon-design-system/carbon/tree/main/packages/react/src,422,213
/carbon-design-system/carbon/search,418,113
/carbon-design-system/carbon/pulls,406,113
/carbon-design-system/carbon/tree/v10/packages/react,383,268
